{
  "coder": {
    "total": 1,
    "successful": 1,
    "failed": 0,
    "totalDuration": 0.0008890000000292275,
    "actions": [
      {
        "id": "marcus-backend-1764530901809",
        "action": "spawn",
        "duration": 0.0008890000000292275,
        "success": true,
        "timestamp": 1764530901826
      }
    ]
  }
}